,CPRO,LITPRO,CUMUN,LITMUN,CUDIS,ALQM2mes_LV_M_VC_21,time_pub_trans,time_priv_trans,str_line_dist,has_beach,has_parks,parks_surface,pt_lines,avg_inc_hh,ibi_urb,ibi_rur,cat_update,vpo,rented_houses_mitma,population,foreign_born_rate,superior_studies_rate,unemployment_rate,has_tram,has_metro,has_rodalies,has_fgc,pop_density,industrial_waste,population_growth,new_houses,mob_estud
0,8,Barcelona,8015,Badalona,801501,9.51051401869159,27,40,9.63,1,0,95210.0,37,48153,0.75,0.799,1998,22,707,7917,0.09473104711380573,0.5145536945812808,0.08145778704054565,0,1,1,0,10529.1,15748.85,-0.13,3.2,0.89192155
1,8,Barcelona,8015,Badalona,801502,9.25925925925926,34,35,9.55,0,0,95210.0,37,36386,0.75,0.799,1998,22,1167,18503,0.1684621574879749,0.3197591363562666,0.1396211208993136,0,1,1,0,10529.1,15748.85,0.05460245084069536,3.2,0.89192155
2,8,Barcelona,8015,Badalona,801503,10.5128,28,35,8.43,1,0,95210.0,37,43945,0.75,0.799,1998,22,1204,19263,0.1398008721382962,0.421936058765509,0.09293510875772205,1,1,0,0,10529.1,15748.85,0.15140466228332336,3.2,0.89192155
3,8,Barcelona,8015,Badalona,801504,9.331875,41,40,10.18,0,1,99372.0,37,39350,0.75,0.799,1998,22,1127,26998,0.08231232683902512,0.3105347210904512,0.1142129491073413,0,0,0,0,10529.1,15748.85,0.02207079310997539,3.2,0.89192155
4,8,Barcelona,8015,Badalona,801505,9.52380952380952,33,40,10.16,1,1,95210.0,37,44638,0.75,0.799,1998,22,714,12275,0.07978769042769858,0.434137417515275,0.08705984521384928,0,1,1,0,10529.1,15748.85,0.1004034065441506,3.2,0.89192155
5,8,Barcelona,8015,Badalona,801506,8.43348598808817,43,35,10.97,0,1,12487.0,37,35373,0.75,0.799,1998,22,180,7602,0.06524484346224678,0.2146408445146014,0.155840410418311,0,0,0,0,10529.1,15748.85,0.06769662921348314,3.2,0.89192155
6,8,Barcelona,8015,Badalona,801507,8.90790085893339,38,35,8.28,0,0,24984.74,37,32224,0.75,0.799,1998,22,2163,41258,0.23120964661399,0.2362143463085947,0.1683755877647971,0,1,0,0,10529.1,15748.85,-0.04715935334872979,3.2,0.89192155
7,8,Barcelona,8015,Badalona,801508,8.64197530864198,37,40,8.83,0,0,81324.0,37,33974,0.75,0.799,1998,22,821,19065,0.1584539680041962,0.2346681982690795,0.1470034670862838,0,1,0,0,10529.1,15748.85,-0.12485655267385816,3.2,0.89192155
8,8,Barcelona,8015,Badalona,801509,9.0,27,30,7.28,1,0,24984.74,37,28655,0.75,0.799,1998,22,3085,68869,0.2722778579622181,0.1742244377005619,0.205388659629151,1,1,0,0,10529.1,15748.85,0.05215797112520052,3.2,0.89192155
9,8,Barcelona,8904,Badia del Vallès,890401,6.35384615384615,47,50,14.16,0,1,8129.0,4,29153,0.84,0.84,2010,2,43,13279,0.0917222983658408,0.1528268770238723,0.2115419835831011,0,0,1,0,14223.7,0.0,-0.023961778757809627,0.0,0.78365385
10,8,Barcelona,8252,Barberà del Vallès,825201,8.22682727643936,40,35,14.72,0,1,32347.0,1,39246,0.47,0.47,1990,5,923,33032,0.1065039537418261,0.3338967576895132,0.1183555582465488,0,0,1,0,3973.0,23232.76,0.029836321122369447,3.1,0.6872428
11,8,Barcelona,8020,Begues,802001,9.28365671641791,75,55,21.63,0,1,10237.0,1,55251,0.85,0.71,2010,0,378,7355,0.101434425560843,0.489106403806934,0.07860943575798778,0,0,0,0,145.8,224.76,0.1367851622874807,1.9,0.72693727
12,8,Barcelona,8054,Castellbisbal,805401,7.5764458400876,73,60,18.71,0,1,14998.75,2,42753,0.57,0.515,2005,17,594,12595,0.09114111155220325,0.3222384358872569,0.09701231441048033,0,0,0,0,406.4,493377.58,0.020664505672609402,1.9,0.79713115
13,8,Barcelona,8056,Castelldefels,805601,10.3260869565217,53,45,19.11,0,1,43860.0,16,40510,0.425,0.42,2006,7,1020,17795,0.2143465524023602,0.3583685417252037,0.11551041303737,0,0,0,0,5223.5,311.89,0.006504524886877828,0.6,0.80529101
14,8,Barcelona,8056,Castelldefels,805602,10.7692307692308,41,40,22.05,0,1,43860.0,16,38393,0.425,0.42,2006,7,1088,12202,0.2877327323389609,0.3796051385018849,0.1246231601376823,0,0,1,0,5223.5,311.89,-0.167098976109215,0.6,0.80529101
15,8,Barcelona,8056,Castelldefels,805603,11.0,43,40,19.82,0,1,43860.0,16,50902,0.425,0.42,2006,7,527,10104,0.2018961797307997,0.4379887668250198,0.09750593824228028,0,0,1,0,5223.5,311.89,-0.03954372623574144,0.6,0.80529101
16,8,Barcelona,8056,Castelldefels,805604,12.5412314458494,44,40,22.09,1,0,43860.0,16,51502,0.425,0.42,2006,7,1257,13389,0.3225011800731944,0.5285502352677571,0.09485469415191576,0,0,1,0,5223.5,311.89,0.6377981651376147,0.6,0.80529101
17,8,Barcelona,8056,Castelldefels,805605,12.7065455572289,47,40,20.31,1,0,43860.0,16,50347,0.425,0.42,2006,7,1329,13376,0.3221511288875598,0.5294081788277513,0.1031138755980861,0,0,1,0,5223.5,311.89,0.32043435340572557,0.6,0.80529101
18,8,Barcelona,8266,Cerdanyola del Vallès,826601,9.11037542357767,52,50,11.77,0,0,106231.0,6,42822,0.569,0.9,2006,8,3412,57335,0.1368910804918462,0.3886954338536671,0.1100708310804919,0,0,0,0,1872.3,12190.54,0.008353851565247978,1.0,0.81169196
19,8,Barcelona,8068,Cervelló,806801,7.8859553123575,55,55,17.98,0,1,7718.0,2,45654,0.77,1.0,2013,0,427,9215,0.09993836136733587,0.3945673792729246,0.1006935973955507,0,0,0,0,383.1,3222.28,0.09053254437869822,2.3,0.58012821
20,8,Barcelona,8072,Corbera de Llobregat,807201,7.28155339805825,86,60,20.8,0,1,3624.0,3,45440,0.962,0.77,1999,0,857,15029,0.1413757269279393,0.3798821012708763,0.09651772573025483,0,0,0,0,815.7,477.83,0.08434343434343435,0.5,0.60925926
21,8,Barcelona,8073,Cornellà de Llobregat,807301,9.85915492957747,25,35,8.98,0,1,25234.0,32,37966,0.617,0.466,2006,0,1170,21133,0.1592782236312875,0.3627348412435528,0.1138096720768466,1,1,1,1,12775.4,21819.17,-0.10510268896887572,3.7,0.77649186
22,8,Barcelona,8073,Cornellà de Llobregat,807302,10.4398012097507,27,28,8.03,0,1,105000.0,32,43368,0.617,0.466,2006,0,222,6444,0.1092345437616387,0.4173898510242086,0.09754279950341402,0,0,0,1,12775.4,21819.17,0.005304212168486739,3.7,0.77649186
23,8,Barcelona,8073,Cornellà de Llobregat,807303,9.80800653594771,25,35,8.7,0,1,25234.0,32,39531,0.617,0.466,2006,0,547,14069,0.1217770701542398,0.3679366834885208,0.1132371526050181,1,1,1,0,12775.4,21819.17,0.20608658379768538,3.7,0.77649186
24,8,Barcelona,8073,Cornellà de Llobregat,807304,9.72222222222222,24,35,8.31,0,1,105000.0,32,33817,0.617,0.466,2006,0,1409,22241,0.2057842588013129,0.2727238613371701,0.1298146621105166,1,1,1,0,12775.4,21819.17,0.036634817058960614,3.7,0.77649186
25,8,Barcelona,8073,Cornellà de Llobregat,807305,10.8333333333333,25,36,7.83,0,1,105000.0,32,27644,0.617,0.466,2006,0,1018,10683,0.3891166432650005,0.1988512590096415,0.1815246653561734,1,1,0,0,12775.4,21819.17,0.18371191135734072,3.7,0.77649186
26,8,Barcelona,8073,Cornellà de Llobregat,807306,10.7954545454545,26,28,7.64,0,1,105000.0,32,27988,0.617,0.466,2006,0,1252,14588,0.3449325198793529,0.1914932478749657,0.1782781190019194,1,1,0,0,12775.4,21819.17,0.03977191732002851,3.7,0.77649186
27,8,Barcelona,8077,Esplugues de Llobregat,807701,11.6503832593112,37,35,7.13,0,1,162266.66,23,48241,0.672,1.01,1997,0,516,8448,0.149873378314394,0.4464584043560605,0.0908667021780303,1,1,0,0,10168.9,7434.97,0.1,0.1,0.71804802
28,8,Barcelona,8077,Esplugues de Llobregat,807702,11.0169491525424,29,34,7.08,0,1,24768.68,23,40713,0.672,1.01,1997,0,550,9425,0.1668040106100796,0.3884649336870026,0.1148142811671088,1,1,0,0,10168.9,7434.97,-0.04314720812182741,0.1,0.71804802
29,8,Barcelona,8077,Esplugues de Llobregat,807703,11.4734422482184,32,30,6.65,0,1,24768.68,23,40498,0.672,1.01,1997,0,219,3596,0.1537829810901001,0.3576842046718576,0.1087791991101223,1,1,0,0,10168.9,7434.97,-0.22583423035522066,0.1,0.71804802
30,8,Barcelona,8077,Esplugues de Llobregat,807704,15.3846153846154,37,30,5.82,0,0,19956.22,23,75713,0.672,1.01,1997,0,53,982,0.2963,0.6305,0.056,0,0,0,0,10168.9,7434.97,0.2430379746835443,0.1,0.71804802
31,8,Barcelona,8077,Esplugues de Llobregat,807706,14.4318181818182,52,30,7.09,0,1,13936.0,23,76439,0.672,1.01,1997,0,28,806,0.2184,0.5449,0.0791,0,0,0,0,10168.9,7434.97,0.2496124031007752,0.1,0.71804802
32,8,Barcelona,8077,Esplugues de Llobregat,807707,14.189,43,30,7.21,0,1,13936.0,23,88769,0.672,1.01,1997,0,71,1181,0.2286,0.6688,0.0616,1,0,0,0,10168.9,7434.97,0.23664921465968586,0.1,0.71804802
33,8,Barcelona,8077,Esplugues de Llobregat,807708,11.7535650623886,38,35,7.65,0,1,13936.0,23,40042,0.672,1.01,1997,0,258,4191,0.1625083989501312,0.3875225960391315,0.1018907897876402,1,0,0,0,10168.9,7434.97,-0.02193698949824971,0.1,0.71804802
34,8,Barcelona,8077,Esplugues de Llobregat,807709,11.1940298507463,35,35,7.43,0,1,162266.66,23,41870,0.672,1.01,1997,0,167,3502,0.1604678183894917,0.3736597087378641,0.09549645916619073,1,1,0,0,10168.9,7434.97,0.17714285714285713,0.1,0.71804802
35,8,Barcelona,8077,Esplugues de Llobregat,807710,11.444,19,28,6.21,0,1,37288.03,23,32340,0.672,1.01,1997,0,791,13908,0.277174252228933,0.2122174072476272,0.1524070894449238,1,1,1,0,10168.9,7434.97,0.03136818687430478,0.1,0.71804802
36,8,Barcelona,8089,Gavà,808901,10.958904109589,39,40,16.53,1,0,59651.25,18,45677,0.644,0.9,2001,30,1193,15166,0.219776763813794,0.42777413292892,0.107516134775155,0,0,1,0,1526.2,15742.8,-0.02500803600128576,1.7,0.87130076
37,8,Barcelona,8089,Gavà,808902,8.63357843137255,53,40,16.5,0,0,59651.25,18,37593,0.644,0.9,2001,30,645,14238,0.1207913470993117,0.2906382778480123,0.1261291262817812,0,0,1,0,1526.2,15742.8,-0.017391304347826087,1.7,0.87130076
38,8,Barcelona,8089,Gavà,808903,8.90524250070087,52,40,17.16,0,1,59651.25,18,38975,0.644,0.9,2001,30,543,13160,0.1133691717325228,0.3083391261398176,0.122687424012158,0,0,0,0,1526.2,15742.8,0.07253463732681337,1.7,0.87130076
39,8,Barcelona,8089,Gavà,808904,8.85416666666667,49,40,17.15,0,1,59651.25,18,36989,0.644,0.9,2001,30,197,4259,0.1774897393754402,0.2941529936604836,0.1247474054942475,0,0,0,0,1526.2,15742.8,0.10336787564766839,1.7,0.87130076
40,8,Barcelona,8101,"Hospitalet de Llobregat, L'",810101,11.3078461538462,21,28,6.04,0,1,67548.02,58,37097,0.8213,0.43,2000,39,3244,51879,0.1817770735750496,0.3187884539023497,0.1175409221457623,0,1,1,1,21343.3,28295.74,-0.07705034691336062,2.9,0.81380621
41,8,Barcelona,8101,"Hospitalet de Llobregat, L'",810102,11.8538961038961,23,26,4.47,0,0,67548.02,58,29360,0.8213,0.43,2000,39,4568,52050,0.4600592737752162,0.2492710432276657,0.1592578731988473,0,1,0,0,21343.3,28295.74,0.07987551867219916,2.9,0.81380621
42,8,Barcelona,8101,"Hospitalet de Llobregat, L'",810103,11.5740740740741,25,22,4.5,0,0,67548.02,58,37130,0.8213,0.43,2000,39,2912,45798,0.2412095244333814,0.3560907703393161,0.1142351827590724,0,1,0,1,21343.3,28295.74,0.15578548895899053,2.9,0.81380621
43,8,Barcelona,8101,"Hospitalet de Llobregat, L'",810104,12.0833333333333,21,35,5.32,0,1,67548.02,58,28301,0.8213,0.43,2000,39,3553,44867,0.4634636169122072,0.1741133305101745,0.1817401051998128,1,1,0,0,21343.3,28295.74,0.1905798062889744,2.9,0.81380621
44,8,Barcelona,8101,"Hospitalet de Llobregat, L'",810105,11.980027476845,23,30,5.98,0,1,67548.02,58,29278,0.8213,0.43,2000,39,3131,39419,0.3887242471904412,0.203478243994013,0.1584678632131713,1,1,1,0,21343.3,28295.74,-0.02717176702862784,2.9,0.81380621
45,8,Barcelona,8101,"Hospitalet de Llobregat, L'",810106,9.70937723693629,21,24,5.9,0,1,50316.32,58,33451,0.8213,0.43,2000,39,1407,30990,0.1714435850274282,0.2309806389157793,0.1403850887383027,0,1,1,1,21343.3,28295.74,-0.07685433422698838,2.9,0.81380621
46,8,Barcelona,8123,Molins de Rei,812301,8.67122427983539,36,50,13.15,0,1,41604.58,5,38638,0.584,0.9,2006,15,373,4843,0.1325859384678918,0.3997475738178815,0.1112549659302086,0,0,1,0,1637.6,5750.57,-0.07752380952380952,5.6,0.82470961
47,8,Barcelona,8123,Molins de Rei,812302,8.9622641509434,35,50,12.71,0,1,41604.58,5,39777,0.584,0.9,2006,15,418,8643,0.1053922364919588,0.3720110494041421,0.09826388985306028,0,0,1,0,1637.6,5750.57,0.041325301204819274,5.6,0.82470961
48,8,Barcelona,8123,Molins de Rei,812303,8.87096774193548,42,50,13.09,0,0,41604.58,5,49218,0.584,0.9,2006,15,523,11623,0.07508997677019702,0.4642784737159081,0.0777679600791534,0,0,1,0,1637.6,5750.57,0.13950980392156861,5.6,0.82470961
49,8,Barcelona,8123,Molins de Rei,812304,8.3478875582169,45,45,11.85,0,1,41604.58,5,36012,0.584,0.9,2006,15,40,1014,0.0976,0.3125,0.1342,0,0,0,0,1637.6,5750.57,0.061780104712041886,5.6,0.82470961
50,8,Barcelona,8125,Montcada i Reixac,812501,8.11655405405405,22,45,10.88,0,1,35533.7,16,36110,0.626,0.9,2006,5,429,6164,0.2190261031797534,0.2942754218040234,0.1363171317326412,0,0,1,0,1567.7,44310.61,-0.04876543209876543,0.4,0.80613027
51,8,Barcelona,8125,Montcada i Reixac,812502,7.40740740740741,26,45,10.68,0,1,35533.7,16,33296,0.626,0.9,2006,5,316,6778,0.2260371496016524,0.2377192977279433,0.1891486131602243,0,0,1,0,1567.7,44310.61,0.1686206896551724,0.4,0.80613027
52,8,Barcelona,8125,Montcada i Reixac,812503,8.06451612903226,29,40,11.8,0,1,131655.0,16,39214,0.626,0.9,2006,5,474,11941,0.1226737459174273,0.3439827736370488,0.1223397789129889,0,0,1,0,1567.7,44310.61,0.1051365108745951,0.4,0.80613027
53,8,Barcelona,8125,Montcada i Reixac,812504,8.59573151871327,26,45,10.57,0,0,131655.0,16,43688,0.626,0.9,2006,5,113,3448,0.1392138051044083,0.3352744779582367,0.1372852668213457,0,0,1,0,1567.7,44310.61,-0.0020260492040520984,0.4,0.80613027
54,8,Barcelona,8125,Montcada i Reixac,812505,8.174885372151,24,40,9.34,0,1,35533.7,16,29213,0.626,0.9,2006,5,247,5410,0.2475203881700554,0.1720710166358595,0.2240166358595194,0,0,1,0,1567.7,44310.61,0.26697892271662765,0.4,0.80613027
55,8,Barcelona,8125,Montcada i Reixac,812506,7.77549514563107,31,40,8.38,0,0,35533.7,16,35707,0.626,0.9,2006,5,92,3120,0.103218141025641,0.2619853205128205,0.1319052564102564,0,1,0,0,1567.7,44310.61,-0.14520547945205478,0.4,0.80613027
56,8,Barcelona,8126,Montgat,812601,9.69893617021277,26,35,13.19,1,1,61994.93,6,42514,0.44,0.44,2006,0,587,12250,0.1242463020408163,0.4192673387755103,0.1071966693877551,0,0,1,0,4213.1,245.43,0.1374187558031569,5.6,0.71428571
57,8,Barcelona,8157,Pallejà,815701,8.78378378378378,47,45,14.91,0,1,7410.07,2,44987,0.44,0.9,2006,0,558,11640,0.09432714776632303,0.3831481013745704,0.09365048969072165,0,0,0,1,1401.9,935.37,0.05006765899864682,1.4,0.74883721
58,8,Barcelona,8905,"Palma de Cervelló, La",890501,8.25653427072315,67,55,17.02,0,0,20842.0,5,45963,0.84,0.5,1989,0,247,3015,0.09686069651741293,0.4489004975124378,0.1001756218905473,0,0,0,0,552.2,33.84,0.008361204013377926,0.3,0.33333333
59,8,Barcelona,8158,"Papiol, El",815801,7.57984630419332,45,55,14.49,0,1,3691.33,2,40187,0.58,0.52,2006,0,241,4228,0.1147122516556291,0.3594774834437086,0.1087264900662252,0,0,1,0,472.9,8765.43,0.05964912280701754,7.1,0.46621622
60,8,Barcelona,8169,"Prat de Llobregat, El",816901,9.62441314553991,36,26,8.64,0,1,130500.0,29,40338,0.575,0.449,1997,43,594,8824,0.1565221441523119,0.3607988893925658,0.1141561423390753,0,1,1,0,2086.3,33501.49,0.1527106466361855,1.9,0.87859581
61,8,Barcelona,8169,"Prat de Llobregat, El",816902,10.4901960784314,40,30,9.08,0,1,130500.0,29,37328,0.575,0.449,1997,43,689,12915,0.1413844057297716,0.3033324738675958,0.1121410530391018,0,1,1,0,2086.3,33501.49,0.048295454545454544,1.9,0.87859581
62,8,Barcelona,8169,"Prat de Llobregat, El",816903,9.8337631239639,34,26,9.58,0,1,143760.85,29,37760,0.575,0.449,1997,43,938,20123,0.1406896486607365,0.2833348307906376,0.1216486756447846,0,1,1,0,2086.3,33501.49,-0.06252038201723736,1.9,0.87859581
63,8,Barcelona,8169,"Prat de Llobregat, El",816904,7.04225352112676,36,30,10.33,1,1,143760.85,29,28760,0.575,0.449,1997,43,89,8134,0.1178791123678387,0.1233976395377428,0.2723916400295058,0,1,0,0,2086.3,33501.49,0.37514792899408284,1.9,0.87859581
64,8,Barcelona,8169,"Prat de Llobregat, El",816905,10.0864337165822,41,30,9.26,1,1,143760.85,29,38723,0.575,0.449,1997,43,686,15421,0.1306011477854873,0.2938766292717723,0.1126093184618377,0,1,0,0,2086.3,33501.49,0.0033181522446324007,1.9,0.87859581
65,8,Barcelona,8180,Ripollet,818001,8.4582894820768,45,50,12.74,0,0,13325.09,7,36080,0.748,0.558,2020,8,1224,26431,0.1343521622337407,0.3001928379554311,0.1354593507623624,0,0,0,0,9039.0,7893.67,0.08257218922793365,1.9,0.81458759
66,8,Barcelona,8180,Ripollet,818002,8.28271332335329,47,50,12.14,0,0,13325.09,7,31396,0.748,0.558,2020,8,671,12624,0.1999335630544994,0.2090574619771863,0.1890724493029151,0,0,0,0,9039.0,7893.67,-0.019114219114219115,1.9,0.81458759
67,8,Barcelona,8194,Sant Adrià de Besòs,819401,9.09090909090909,22,28,6.38,0,1,24984.74,21,36365,0.54,0.4,2013,4,577,10273,0.1892374574126351,0.3043987345468704,0.1326673999805315,1,1,0,0,9760.0,6818.75,-0.051431209602954754,7.7,0.6769103
68,8,Barcelona,8194,Sant Adrià de Besòs,819402,9.30247858017136,25,35,6.31,1,1,27774.0,21,34189,0.54,0.4,2013,4,374,9055,0.1520536388735505,0.2748712976256212,0.1343135615681944,1,0,1,0,9760.0,6818.75,-0.05381400208986416,7.7,0.6769103
69,8,Barcelona,8194,Sant Adrià de Besòs,819403,10.5819461556095,21,30,5.74,0,0,63918.18,21,27253,0.54,0.4,2013,4,20,1075,0.2633,0.2171,0.2121,0,1,0,0,9760.0,6818.75,1.7564102564102564,7.7,0.6769103
70,8,Barcelona,8194,Sant Adrià de Besòs,819404,11.1415525114155,30,35,5.92,1,1,63918.18,21,40733,0.54,0.4,2013,4,62,1669,0.2427,0.4731,0.0877,1,0,1,0,9760.0,6818.75,3.4506666666666668,7.7,0.6769103
71,8,Barcelona,8194,Sant Adrià de Besòs,819405,10.8202855211741,29,35,5.37,0,1,63918.18,21,28673,0.54,0.4,2013,4,361,4927,0.2504828293078953,0.207035985386645,0.1607130302415263,1,1,0,0,9760.0,6818.75,-0.3050775740479549,7.7,0.6769103
72,8,Barcelona,8194,Sant Adrià de Besòs,819406,11.0091743119266,28,30,5.49,1,1,63918.18,21,25614,0.54,0.4,2013,4,127,10122,0.18199163208852,0.1457901600474215,0.3295545247974709,1,1,0,0,9760.0,6818.75,0.7026072329688814,7.7,0.6769103
73,8,Barcelona,8196,Sant Andreu de la Barca,819601,7.80975877192982,45,55,17.79,0,1,28488.0,4,37824,0.735,0.868,1996,0,1382,27206,0.1386179592736896,0.27086291994413,0.1210887194001323,0,0,0,1,4940.9,21156.64,0.01344756937977277,0.4,0.80393996
74,8,Barcelona,8200,Sant Boi de Llobregat,820001,11.0163869276188,37,35,12.03,0,0,255590.0,33,31491,0.61,0.982,2006,11,615,9940,0.1701136418511067,0.2341503319919517,0.1448900804828974,0,0,0,1,3901.0,11830.84,0.1840381179273377,1.2,0.88574538
75,8,Barcelona,8200,Sant Boi de Llobregat,820002,9.63855421686747,46,40,12.43,0,0,255590.0,33,39239,0.61,0.982,2006,11,1396,31848,0.1184379709871892,0.3058765291384075,0.1177008477769405,0,0,0,0,3901.0,11830.84,-0.03344461305007587,1.2,0.88574538
76,8,Barcelona,8200,Sant Boi de Llobregat,820003,9.63855421686747,38,35,11.74,0,1,255590.0,33,36809,0.61,0.982,2006,11,945,14788,0.1511967811739248,0.336408378414931,0.1324986678387882,0,0,0,1,3901.0,11830.84,0.028372739916550763,1.2,0.88574538
77,8,Barcelona,8200,Sant Boi de Llobregat,820004,9.85474395565106,44,35,11.79,0,1,255590.0,33,36370,0.61,0.982,2006,11,798,15882,0.129763776602443,0.2794734794106535,0.1250372874952777,0,0,0,0,3901.0,11830.84,-0.0704126426690079,1.2,0.88574538
78,8,Barcelona,8200,Sant Boi de Llobregat,820005,8.00961994960254,40,35,12.9,0,1,255590.0,33,33038,0.61,0.982,2006,11,133,5508,0.132716684822077,0.1909084967320261,0.2059673384168482,0,0,0,0,3901.0,11830.84,0.447568988173456,1.2,0.88574538
79,8,Barcelona,8200,Sant Boi de Llobregat,820006,9.82142857142857,40,35,12.4,0,1,255590.0,33,32624,0.61,0.982,2006,11,277,5655,0.1791612201591512,0.2278837665782494,0.1461969053934571,0,0,0,0,3901.0,11830.84,0.15644171779141106,1.2,0.88574538
80,8,Barcelona,8204,Sant Climent de Llobregat,820401,9.09244264507422,62,45,15.47,0,1,12979.0,1,44805,0.748,0.3,2006,0,158,4199,0.05906163372231484,0.3900358418671112,0.08601809954751131,0,0,0,0,387.9,71.44,0.07666666666666666,0.5,0.43396226
81,8,Barcelona,8205,Sant Cugat del Vallès,820501,12.0249855072464,52,50,12.0,0,0,106231.0,6,58273,0.528,0.9,2006,14,3220,41831,0.1878802634409887,0.6155650665774187,0.07482000669360045,0,0,0,0,1949.2,14470.89,0.08807387176485888,4.7,0.81482541
82,8,Barcelona,8205,Sant Cugat del Vallès,820502,11.8275068604447,32,45,11.79,0,0,106231.0,6,74543,0.528,0.9,2006,14,1543,20724,0.1993812825709323,0.6452318181818182,0.06210842983979926,0,0,0,1,1949.2,14470.89,0.019129579542660438,4.7,0.81482541
83,8,Barcelona,8205,Sant Cugat del Vallès,820503,11.304347826087,37,45,12.83,0,0,106231.0,6,80610,0.528,0.9,2006,14,294,8427,0.177290103239587,0.6365002491990032,0.07060975436098255,0,0,0,0,1949.2,14470.89,0.20471765546819157,4.7,0.81482541
84,8,Barcelona,8205,Sant Cugat del Vallès,820504,9.22980020080321,32,40,10.19,0,0,106231.0,6,56502,0.528,0.9,2006,14,187,4821,0.207223895457374,0.5876082555486414,0.1134464219041693,0,0,0,1,1949.2,14470.89,0.41585903083700443,4.7,0.81482541
85,8,Barcelona,8205,Sant Cugat del Vallès,820505,12.9538199650175,49,45,13.58,0,0,106231.0,6,76032,0.528,0.9,2006,14,706,16753,0.1523363337909628,0.6869109890765832,0.0650016594042858,0,0,0,1,1949.2,14470.89,0.18773484579936192,4.7,0.81482541
86,8,Barcelona,8211,Sant Feliu de Llobregat,821101,9.7469512195122,38,40,10.76,0,1,31011.0,11,48026,0.658,0.837,2006,21,361,11776,0.1058012822690217,0.4569726562500001,0.07711629585597826,0,0,1,0,3846.3,15243.49,0.9400329489291598,1.8,0.78289913
87,8,Barcelona,8211,Sant Feliu de Llobregat,821102,10.0,36,40,10.8,0,1,31011.0,11,36189,0.658,0.837,2006,21,607,7002,0.1175394173093402,0.2672374750071408,0.1196156812339332,1,0,1,0,3846.3,15243.49,-0.33693181818181817,1.8,0.78289913
88,8,Barcelona,8211,Sant Feliu de Llobregat,821103,10.1739766081871,30,40,9.8,0,1,95938.68,11,40908,0.658,0.837,2006,21,552,9279,0.1282407371483996,0.3776352085354025,0.1021022739519345,1,0,1,0,3846.3,15243.49,0.11258992805755395,1.8,0.78289913
89,8,Barcelona,8211,Sant Feliu de Llobregat,821104,10.7796441408847,27,45,10.29,0,1,31011.0,11,31814,0.658,0.837,2006,21,412,4396,0.1678909463148317,0.2002872611464968,0.1519698589626934,1,0,1,0,3846.3,15243.49,-0.10468431771894093,1.8,0.78289913
90,8,Barcelona,8211,Sant Feliu de Llobregat,821105,9.6875,29,45,10.3,0,1,31011.0,11,31995,0.658,0.837,2006,21,113,6203,0.2032881508947283,0.2257970498146058,0.1382856359825891,0,0,1,0,3846.3,15243.49,2.282010582010582,1.8,0.78289913
91,8,Barcelona,8211,Sant Feliu de Llobregat,821106,9.46346248592342,32,45,10.33,0,1,31011.0,11,49836,0.658,0.837,2006,21,251,1348,0.0512,0.4056000000000001,0.0934,0,0,1,0,3846.3,15243.49,-0.7079089924160347,1.8,0.78289913
92,8,Barcelona,8211,Sant Feliu de Llobregat,821107,10.6030788203531,36,40,9.66,0,0,95938.68,11,59227,0.658,0.837,2006,21,148,5435,0.06934509659613615,0.5003636982520698,0.07254855565777368,1,0,1,0,3846.3,15243.49,-0.187593423019432,1.8,0.78289913
93,8,Barcelona,8217,Sant Joan Despí,821701,10.2604166666667,22,40,9.71,0,1,42545.0,19,47420,0.461,0.88,2006,4,749,16607,0.1003826759800084,0.4279001505389294,0.08955257421569217,1,0,1,0,5531.6,5010.73,0.028934324659231722,5.4,0.64241893
94,8,Barcelona,8217,Sant Joan Despí,821702,10.0146256329949,29,35,8.67,0,1,162266.66,19,36940,0.461,0.88,2006,4,334,4760,0.1888858823529412,0.3357460294117647,0.1189386554621849,1,0,1,0,5531.6,5010.73,-0.0031413612565445027,5.4,0.64241893
95,8,Barcelona,8217,Sant Joan Despí,821703,10.5805218962585,37,35,8.34,0,1,162266.66,19,31429,0.461,0.88,2006,4,453,6319,0.197018974521285,0.2202206203513214,0.1393050957429973,1,0,0,0,5531.6,5010.73,-0.0033123028391167193,5.4,0.64241893
96,8,Barcelona,8217,Sant Joan Despí,821704,10.2311827956989,37,35,8.53,0,1,162266.66,19,61746,0.461,0.88,2006,4,211,2766,0.1508,0.6242,0.0663,1,0,0,0,5531.6,5010.73,0.1670886075949367,5.4,0.64241893
97,8,Barcelona,8217,Sant Joan Despí,821705,10.7822327044025,39,35,9.19,0,1,95938.68,19,54737,0.461,0.88,2006,4,161,3620,0.07817204419889502,0.468239226519337,0.07761767955801105,1,0,0,0,5531.6,5010.73,0.19669421487603306,5.4,0.64241893
98,8,Barcelona,8221,Sant Just Desvern,822101,11.5314285714286,38,35,8.04,0,1,13936.0,16,59397,0.658,0.9,1996,0,1012,19279,0.1628336117018518,0.6018319207427771,0.07206896104569739,1,0,0,0,2481.3,2150.47,0.2617146596858639,8.2,0.60216998
99,8,Barcelona,8263,Sant Vicenç dels Horts,826301,8.25480769230769,47,45,13.38,0,0,118386.0,9,37492,0.438,0.52,2006,12,769,15342,0.1037722656759223,0.2817730934689089,0.1335022031025942,0,0,0,1,3082.8,9652.1,0.020758483033932136,0.6,0.80952381
100,8,Barcelona,8263,Sant Vicenç dels Horts,826302,8.01234567901235,47,50,14.16,0,1,118386.0,9,34055,0.438,0.52,2006,12,138,4116,0.1425972546161322,0.1977546647230321,0.199743221574344,0,0,0,1,3082.8,9652.1,-0.09438943894389439,0.6,0.80952381
101,8,Barcelona,8263,Sant Vicenç dels Horts,826303,8.42386983605967,50,45,14.15,0,0,118386.0,9,37272,0.438,0.52,2006,12,103,3823,0.1485667277007586,0.2078003923620194,0.1836004185194873,0,0,0,1,3082.8,9652.1,0.0020969855832241153,0.6,0.80952381
102,8,Barcelona,8263,Sant Vicenç dels Horts,826304,8.42036774035368,56,45,14.39,0,0,118386.0,9,42522,0.438,0.52,2006,12,120,4839,0.0894847489150651,0.2936621409382104,0.1294406282289729,0,0,0,0,3082.8,9652.1,0.08741573033707865,0.6,0.80952381
103,8,Barcelona,8244,Santa Coloma de Cervelló,824401,8.58065940487446,45,45,13.05,0,1,32365.0,5,48364,0.71,0.45,2006,0,294,8287,0.0709587667430916,0.421152733196573,0.08484003861469772,0,0,0,1,1104.5,263.09,0.049651678277390754,0.4,0.74193548
104,8,Barcelona,8245,Santa Coloma de Gramenet,824501,8.9041095890411,27,35,7.97,0,1,81324.0,23,33625,0.569,0.9,2013,43,1445,22030,0.2353567453472537,0.241069182932365,0.151546427598729,0,1,0,0,17041.3,2348.38,0.03646200893907316,0.3,0.85518694
105,8,Barcelona,8245,Santa Coloma de Gramenet,824502,9.07131661442006,34,40,8.41,0,1,81324.0,23,30666,0.569,0.9,2013,43,925,15344,0.222690354535975,0.1931066801355578,0.1665784215328467,0,1,0,0,17041.3,2348.38,0.08745570517363573,0.3,0.85518694
106,8,Barcelona,8245,Santa Coloma de Gramenet,824503,8.33333333333333,35,35,8.59,0,1,113405.0,23,33001,0.569,0.9,2013,43,747,19120,0.1311686035564854,0.2162738336820084,0.1488326307531381,0,1,0,0,17041.3,2348.38,-0.08275365795154713,0.3,0.85518694
107,8,Barcelona,8245,Santa Coloma de Gramenet,824504,9.125,28,35,7.59,0,0,24984.74,23,33102,0.569,0.9,2013,43,1429,21741,0.1940075019548319,0.2402491835702129,0.1414760544593165,0,1,0,0,17041.3,2348.38,-0.12228502220427936,0.3,0.85518694
108,8,Barcelona,8245,Santa Coloma de Gramenet,824505,8.88269819732139,36,35,7.15,0,1,24984.74,23,28085,0.569,0.9,2013,43,1279,23731,0.352871349711348,0.1667826008174961,0.1935805655050356,0,1,0,0,17041.3,2348.38,-0.04117171717171717,0.3,0.85518694
109,8,Barcelona,8245,Santa Coloma de Gramenet,824506,8.84181392378114,29,35,8.03,0,0,81324.0,23,27187,0.569,0.9,2013,43,987,16523,0.4665391817466562,0.1320893905465109,0.1904504993040005,0,1,0,0,17041.3,2348.38,0.24279804437758556,0.3,0.85518694
110,8,Barcelona,8282,Tiana,828201,9.93548766727575,44,40,13.01,0,1,61994.93,5,57562,0.538,0.65,2006,0,423,9025,0.07701717451523546,0.5381576952908588,0.07383053739612189,0,0,0,0,1133.2,3352.41,0.12461059190031153,13.4,0.53164557
111,8,Barcelona,8289,Torrelles de Llobregat,828901,8.59375,57,55,16.43,0,0,12979.0,1,46994,0.8145,0.613,1995,0,337,6121,0.07576253880084954,0.4506263845776833,0.08404478026466262,0,0,0,0,451.8,92.4,0.08144876325088339,0.3,0.59130435
112,8,Barcelona,8301,Viladecans,830101,9.36823340551034,36,40,14.69,1,1,54636.29,21,39518,0.6012,0.9763,2006,23,1315,24845,0.1397114952706782,0.3317390823103241,0.1158961239686053,0,0,1,0,3270.0,4535.18,0.045444982116557966,1.6,0.8509636
113,8,Barcelona,8301,Viladecans,830102,9.24657534246575,57,40,15.51,0,1,11017.0,21,38590,0.6012,0.9763,2006,23,1628,41965,0.1101932848802574,0.2881078088883594,0.1262663862742762,0,0,0,0,3270.0,4535.18,0.0195578231292517,1.6,0.8509636
